{"SampleTime": 1, "Inputs": {"steer": {"dim": 1, "tw": [0, 0], "sw": [-15, 0]}, "curv": {"dim": 1, "tw": [0, 0], "sw": [0, 15]}, "steer_target": {"dim": 1, "tw": [0, 0], "sw": [0, 1]}}, "States": {}, "Constants": {"Constant290": {"dim": 100, "sw": 1, "values": [[-12.566370614359172, -12.317667228843606, -12.068966471309635, -11.820265825356046, -11.571565179514732, -11.322864540459207, -11.074163920743521, -10.825463293624303, -10.576762669863411, -10.328062048210148, -10.079361428370472, -9.830660810473539, -9.579910826819845, -9.328554024315052, -9.077197223572972, -8.825840424617516, -8.574483627419239, -8.323126831955436, -8.071770038207779, -7.820413246158329, -7.569056455788025, -7.317699667076132, -7.0663428799641315, -6.812581673425538, -6.557591364058054, -6.302601055935444, -6.047610749198625, -5.7926204438148545, -5.5376301397464, -5.2826398369602385, -5.027649535423559, -4.7726592351026405, -4.5176689359623845, -4.262678637957099, -4.005539132841002, -3.747522764744508, -3.489506397340142, -3.2314900307429033, -2.97347366491614, -2.715457299814998, -2.457440935396768, -2.1994245716192133, -1.9414082084394868, -1.6833918458141113, -1.425375483698372, -1.1663240055764628, -0.9071408812324386, -0.6479577570168534, -0.3887746329303352, -0.12959150892926838, 0.12959161503046907, 0.38877473899465703, 0.6479578630083775, 0.9071409871161015, 1.1663241113616019, 1.4253755890681055, 1.6833919512521918, 1.9414083137623055, 2.1994246768128605, 2.4574410404385536, 2.7154574046733146, 2.9734737695550693, 3.231490135122668, 3.4895065014152418, 3.7475228684711706, 4.00553923632379, 4.262678740295073, 4.517669038229952, 4.772659336962569, 5.0276496368638925, 5.282639937964834, 5.537630240281641, 5.792620543838296, 6.047610848660226, 6.30260115477234, 6.5575914621979345, 6.812581770958114, 7.066342975745462, 7.317699762301716, 7.56905655014124, 7.820413339628373, 8.071770130768, 8.323126923554328, 8.57448371799228, 8.825840514089446, 9.077197311853576, 9.328554111291371, 9.579910912407929, 9.830660893800758, 10.079361510197389, 10.328062128342978, 10.576762748396824, 10.82546337032777, 11.074163994111228, 11.322864619735677, 11.571565247194115, 11.820265876481173, 12.068966507591679, 12.317667140520156, 12.566367775260755]]}, "Constant289": {"dim": 100, "sw": 1, "values": [[-0.6417302839400707, -0.6287660357796734, -0.6158017876192587, -0.6028375394588616, -0.589873291298447, -0.5769090431380498, -0.5639447949776352, -0.5509805468172381, -0.5380162986568233, -0.5250520504964262, -0.512087802336029, -0.4991235541756144, -0.4861593060152172, -0.4731950578548026, -0.4602308096944054, -0.44726656153399075, -0.43430231337359354, -0.42133806521317896, -0.40837381705278175, -0.3954095688923671, -0.3824453207319699, -0.3694810725715553, -0.3565168244111581, -0.3435525762507435, -0.33058832809034633, -0.3176240799299317, -0.3046598317695345, -0.29169558360911985, -0.2787313354487227, -0.265767087288308, -0.25280283912791085, -0.2398385909674962, -0.22687434280709903, -0.2139100946466844, -0.20094584648628722, -0.18798159832587258, -0.1750173501654754, -0.16205310200507822, -0.14908885384466358, -0.1361246056842664, -0.12316035752385175, -0.11019610936345457, -0.09723186120303993, -0.08426761304264276, -0.07130336488222812, -0.05833911672183095, -0.045374868561416315, -0.032410620401019136, -0.019446372240604498, -0.006482124080207318, 0.006482124080207318, 0.019446372240604498, 0.032410620401019136, 0.045374868561416315, 0.05833911672183095, 0.07130336488222812, 0.08426761304264276, 0.09723186120303993, 0.11019610936345457, 0.12316035752385175, 0.1361246056842664, 0.14908885384466358, 0.16205310200507822, 0.1750173501654754, 0.18798159832587258, 0.20094584648628722, 0.2139100946466844, 0.22687434280709903, 0.2398385909674962, 0.25280283912791085, 0.265767087288308, 0.2787313354487227, 0.29169558360911985, 0.3046598317695345, 0.3176240799299317, 0.33058832809034633, 0.3435525762507435, 0.3565168244111581, 0.3694810725715553, 0.3824453207319699, 0.3954095688923671, 0.40837381705278175, 0.42133806521317896, 0.43430231337359354, 0.44726656153399075, 0.4602308096944054, 0.4731950578548026, 0.4861593060152172, 0.4991235541756144, 0.512087802336029, 0.5250520504964262, 0.5380162986568233, 0.5509805468172381, 0.5639447949776352, 0.5769090431380498, 0.589873291298447, 0.6028375394588616, 0.6158017876192587, 0.6287660357796734, 0.6417302839400707]]}, "Constant286": {"dim": 1, "values": 2.6}}, "Parameters": {"fir_auto_regression": {"dim": 1, "sw": 15, "values": [[0.03933735564351082], [0.03883687034249306], [0.03828888759016991], [0.03768942132592201], [0.03703433647751808], [0.036319468170404434], [0.03554102033376694], [0.03469531983137131], [0.03377991542220116], [0.032793011516332626], [0.03173501044511795], [0.030609428882598877], [0.029424041509628296], [0.028192585334181786], [0.026937728747725487]]}, "h_1": {"dim": 1, "sw": 1, "values": [[-0.005027233622968197]]}, "h_2": {"dim": 1, "sw": 1, "values": [[2.549267530441284]]}, "h_3": {"dim": 1, "sw": 1, "values": [[-9.115166664123535]]}, "fir_future_curv": {"dim": 1, "sw": 15, "values": [[0.02845027856528759], [0.027054760605096817], [0.025653453543782234], [0.024298755452036858], [0.023067425936460495], [0.022069893777370453], [0.021463781595230103], [0.021473567932844162], [0.022419605404138565], [0.024758536368608475], [0.029142091050744057], [0.03650042042136192], [0.04816202074289322], [0.06602390855550766], [0.09279631078243256]]}}, "Functions": {"FParamFun285": {"code": "def curvat_diagram(curv,L,h_1,h_2,h_3):\n  return torch.atan(h_1*curv + h_2*torch.pow(curv,3) + h_3*torch.pow(curv,5) + curv*L)\n", "name": "curvat_diagram", "parameters": ["h_1", "h_2", "h_3"], "n_input": 2}, "FParamFun288": {"code": "def steer_map_spline(x,x_data,y_data):\n  # Inputs: \n  # x: average steering angle at the front wheels [rad]\n  # x_data: map of average steering angles at the front wheels (delta_w_avg_map) [rad]\n  # y_data: map of steering wheel angles (delta_sw_map) [rad]\n  # Output:\n  # y: steering wheel angle [rad]\n\n  x_data = x_data[0].squeeze()\n  y_data = y_data[0].squeeze()\n\n  # Linear interpolation of the steering map:\n  # Loop over the batch dimension\n  for i in range(x.shape[0]):\n    # Find the indices of the intervals containing each x\n    indices = torch.searchsorted(x_data, x[i], right=True).clamp(1, len(x_data) - 1)\n    \n    # Get the values for the intervals\n    x1 = x_data[indices - 1]\n    x2 = x_data[indices]\n    y1 = y_data[indices - 1]\n    y2 = y_data[indices]\n    \n    # Linear interpolation formula\n    y = y1 + (y2 - y1) * (x[i] - x1) / (x2 - x1)\n    \n    # Saturate the output if x is out of bounds\n    y = torch.where(x[i] < x_data[0], y_data[0], y)    # Saturate to minimum y_data\n    y = torch.where(x[i] > x_data[-1], y_data[-1], y)  # Saturate to maximum y_data\n    if i == 0:\n      y_batch = y\n    else:\n      y_batch = torch.cat((y_batch,y),0)\n  y_batch = y_batch.unsqueeze(1)\n  return y_batch\n", "name": "steer_map_spline", "parameters": [], "n_input": 3}}, "Relations": {"SamplePart474": ["SamplePart", ["steer"], [-15, 0]], "Fir475": ["Fir", ["SamplePart474"], "fir_auto_regression", 0], "SamplePart463": ["SamplePart", ["curv"], [0, 15]], "ParamFun464": ["ParamFun", ["SamplePart463", "Constant286"], "FParamFun285"], "Fir467": ["Fir", ["ParamFun464"], "fir_future_curv", 0], "ParamFun468": ["ParamFun", ["Fir467", "Constant289", "Constant290"], "FParamFun288"], "Add476": ["Add", ["ParamFun468", "Fir475"]], "SamplePart479": ["SamplePart", ["steer_target"], [0, 1]]}, "Outputs": {"steering_angle": "Add476"}}