{"Constants": {"L": {"dim": 1, "values": 2.6},
               "delta_sw_map": {"dim": 1,
                                "sw": 100,
                                "values": [[-12.566370614359172],
                                           [-12.317667228843606],
                                           [-12.068966471309635],
                                           [-11.820265825356046],
                                           [-11.571565179514732],
                                           [-11.322864540459207],
                                           [-11.074163920743521],
                                           [-10.825463293624303],
                                           [-10.576762669863411],
                                           [-10.328062048210148],
                                           [-10.079361428370472],
                                           [-9.830660810473539],
                                           [-9.579910826819845],
                                           [-9.328554024315052],
                                           [-9.077197223572972],
                                           [-8.825840424617516],
                                           [-8.574483627419239],
                                           [-8.323126831955436],
                                           [-8.071770038207779],
                                           [-7.820413246158329],
                                           [-7.569056455788025],
                                           [-7.317699667076132],
                                           [-7.0663428799641315],
                                           [-6.812581673425538],
                                           [-6.557591364058054],
                                           [-6.302601055935444],
                                           [-6.047610749198625],
                                           [-5.7926204438148545],
                                           [-5.5376301397464],
                                           [-5.2826398369602385],
                                           [-5.027649535423559],
                                           [-4.7726592351026405],
                                           [-4.5176689359623845],
                                           [-4.262678637957099],
                                           [-4.005539132841002],
                                           [-3.747522764744508],
                                           [-3.489506397340142],
                                           [-3.2314900307429033],
                                           [-2.97347366491614],
                                           [-2.715457299814998],
                                           [-2.457440935396768],
                                           [-2.1994245716192133],
                                           [-1.9414082084394868],
                                           [-1.6833918458141113],
                                           [-1.425375483698372],
                                           [-1.1663240055764628],
                                           [-0.9071408812324386],
                                           [-0.6479577570168534],
                                           [-0.3887746329303352],
                                           [-0.12959150892926838],
                                           [0.12959161503046907],
                                           [0.38877473899465703],
                                           [0.6479578630083775],
                                           [0.9071409871161015],
                                           [1.1663241113616019],
                                           [1.4253755890681055],
                                           [1.6833919512521918],
                                           [1.9414083137623055],
                                           [2.1994246768128605],
                                           [2.4574410404385536],
                                           [2.7154574046733146],
                                           [2.9734737695550693],
                                           [3.231490135122668],
                                           [3.4895065014152418],
                                           [3.7475228684711706],
                                           [4.00553923632379],
                                           [4.262678740295073],
                                           [4.517669038229952],
                                           [4.772659336962569],
                                           [5.0276496368638925],
                                           [5.282639937964834],
                                           [5.537630240281641],
                                           [5.792620543838296],
                                           [6.047610848660226],
                                           [6.30260115477234],
                                           [6.5575914621979345],
                                           [6.812581770958114],
                                           [7.066342975745462],
                                           [7.317699762301716],
                                           [7.56905655014124],
                                           [7.820413339628373],
                                           [8.071770130768],
                                           [8.323126923554328],
                                           [8.57448371799228],
                                           [8.825840514089446],
                                           [9.077197311853576],
                                           [9.328554111291371],
                                           [9.579910912407929],
                                           [9.830660893800758],
                                           [10.079361510197389],
                                           [10.328062128342978],
                                           [10.576762748396824],
                                           [10.82546337032777],
                                           [11.074163994111228],
                                           [11.322864619735677],
                                           [11.571565247194115],
                                           [11.820265876481173],
                                           [12.068966507591679],
                                           [12.317667140520156],
                                           [12.566367775260755]]},
               "delta_w_avg_map": {"dim": 1,
                                   "sw": 100,