{"weights_Phi_layer": [[0.012685388824826905]], "weights_y_layer": [[-0.1854345338982826, 0.8310009650237228]], "weights_lateral_force_Fy_layer": [[-0.19011648493285369, -0.08908118349376112, 1.336387850702053, 1.2920572574778424, -0.09438500021422562, 6.008296562778322e-05, -0.2602301908451158, -0.14530553136816854, 1.3363877377724573, 1.4067596762669665, 0.7879800384173099, 0.3761416745650699, -6.00737156551326e-05], [-0.36005925993705845, 0.31715296267094517, -0.6690789258949266, -0.2554781443995069, 0.31625396631947944, -0.3083455766488089, 0.15216951805631235, -0.4206261340059274, -0.6689552394638391, 0.22550729485249751, 0.1626431985847517, 1.033870940161089, 0.3083458634524217], [0.18802284870005584, -0.31661460582086853, 0.8534668520952942, -0.9812678363224603, 0.24311718237352536, -0.24094412228551954, 0.3072880036082372, 0.17855881988596073, 0.8535322187062506, 0.14222280861767367, 0.3735082621873329, 0.4281402634564149, 0.24090550284449572], [0.7059571634884887, 0.831036154928734, -1.5520232570684374, -1.1949558744521236, 1.0878698744282658, -1.418785910127414, 1.1105076474360718, 0.7796338840890075, -1.5520090193775626, 1.4340218664669733, 1.4600207192669248, 2.0975927853738883, -1.4191253818247085], [1.5256341940706433, 0.9566175382540345, 1.6143430229487328, -1.5732299938434673, 1.4456796215396086, 1.2677360377185034, -1.1754116849251022, 0.9002310736225679, -1.614095846537853, -1.5902608121180453, -1.6560649232874438, 1.4212434156973413, -1.2677278329655355], [-0.2943392917601912, -0.20962344102468206, -0.39777282371248085, -0.24818156146119716, 0.25709724945468077, 0.7976733265366256, -0.47110536863291785, -0.4547936310130406, 0.3977737195448417, 0.05919297447455203, 0.5504838589795269, 0.48094966877918677, 0.7976733529905506], [0.2882358412363946, -0.1769694998492831, 0.31494048781607825, 0.4120887280056081, 0.02440918889325766, 0.11130295760561043, 0.844947413739056, -0.27388447106061653, -0.31488950511700137, 0.44670920167256334, 0.27619535288612646, 0.031508029779568555, 0.1109016477647062], [-0.17117628439315022, 0.8712691462442139, 1.154838105565089, -0.5919095645359649, -0.6519344279453698, 0.22211601204221534, 0.08262748151809965, 0.3598295238234417, -1.1550202286608042, -0.9517794739723651, 0.163217589777445, -0.12628295768104714, 0.22201749256009923], [1.4506073395342782, -0.9325832775205263, -2.1979358075291233, 2.8070465077590003, -1.1346862854456579, 1.3769406818632672, 2.475248535808836, 2.0976190504310988, 2.19821296078414, 2.0255837749393124, 3.083828011008372, 2.50001192339801, -1.3769242385855402], [1.9357170786694566, -1.0112798443932023, 2.000754627001145, 2.4634621666033816, -1.694712934160906, -1.3599774709358892, -1.4821823368748877, 0.1430931122186942, 2.000786017219198, -1.9266467245466596, -2.175009991370894, 0.7244597098063941, -1.3599925425879837], [-0.999649832233769, 1.1789553679187095, -1.0439958121675497, 0.6859639814252193, -1.207373719896859, 1.4355651469453192, -1.0252723585630958, -1.0277168693514158, -1.0439392352227312, 1.1185833489292838, 1.2486301466781338, 1.2271341647965177, -1.4355998395140415], [0.5472048599834014, -0.2964604823481814, -0.755279693792939, 0.496730028445273, 0.03189984598977768, -0.011526076792924516, 0.13793532007135406, -0.3922534852030546, 0.7552757947568585, 0.541882492971732, 1.3892197075267785, 0.029209525577498854, 0.011427767016954781], [-0.33289867240184234, -0.8250106024590829, 1.3307613450025935, -0.17274867992122075, 1.167809311448035, 0.11023086130586764, 1.387883975990627, 1.6525955037269457, 1.330712816962725, -1.1008274196962873, 0.12774339481905536, 1.6778832697823363, -0.1102327756404915], [1.3799212851947305, -0.11798177584035434, -1.2706691824287746, 1.3389620861547382, -0.07167511836865471, 0.574528497078781, 1.053126427807511, 0.525765012439538, 1.2706790577938978, 1.323968682481893, 1.395683119845944, 0.9919769987157268, -0.5745468641121597], [1.470852592611058, -0.2753007632206784, 1.3267311312902044, 1.4002748745291318, -0.32148568082965384, -0.2445208276668468, -1.6411299244249362, 1.665228483180153, 1.326825077761312, -1.3355204169065926, -1.6876677699164133, 1.709701263209955, -0.24440222805773965], [0.061201334164515474, -0.2613894929273045, 0.17194839021789546, 0.357392249323869, -0.1969047844516283, -0.40138265636368453, 0.054160782803064425, 0.04499566865007523, 0.17179140127081347, 0.28445081911658165, 0.26876231918645477, 0.2834999443210322, 0.40140992216043186], [-0.7383867680261166, 0.28140178858383064, -1.0607846672606085, 1.1293524025011914, -0.38584968559452604, 0.6814052979441493, -0.8472337078996004, -0.8521757690270018, -1.0603091109428728, 1.1219117352503318, 1.161103667708072, 1.1370906079460585, -0.6814279198878799], [-0.5754205744199418, 0.7515354938234574, -0.7427595435202464, 0.08173230816182779, -0.5818699059495528, -0.8576746961203272, 0.9107580156302137, -0.4636739933720752, -0.7435719493943217, 0.9818698110846921, -1.39877838441067, 0.10852623836507357, -0.8577092093212803], [1.1803303176988844, -0.8602509152319485, 2.08823235980041, 0.5640822448256174, -1.1113029573112245, -1.783096430959948, 0.38542138435556245, 0.8968062265303769, -2.0880454626597094, 1.5287272459021344, 0.6517334709095841, 1.3030554584249463, 1.7831668896262234], [0.9965967442529087, -0.9555740352345297, 0.9315736169296287, 0.952402105850403, -1.0038521933218492, -1.0384630844945648, -1.2568415867731368, 1.359454269250626, 0.9315953305928442, -1.0105122965663116, -1.4543433160625407, 1.5251210878543582, -1.0382923330987461], [-0.0003252008154921961, -0.0007757975430400393, 0.00027610923975581776, -0.000492314483248814, 0.00037227465197929875, 0.00012994623625124898, 0.00014116358428038455, 0.0005370449387972119, -4.011652901164747e-05, 0.0005026686325048509, 0.00042415295448027955, 0.0006194169481779365, -0.00014805157424955308], [0.25408255894477966, 0.4008486804612262, -0.9585384454176571, 0.07462983204257474, 0.20304621135962272, -0.7509778599485446, 0.1957008083070563, 0.21407418595698074, -0.9583716769231316, 1.1536953456759063, 0.5223846802781359, 0.4893487538764833, -0.7512212443147893], [0.5872378239364147, -1.028692570295371, -1.1345470507881132, 0.9921306627222031, -1.431783879088534, -0.5131283754255125, 0.031786765651124815, -0.24578096239017852, 1.1346001691321415, 1.3546533350024696, -0.04328366980497708, -0.9381339085116982, 0.5132369498728799], [-0.14295606844165948, -0.01877309912889, 0.5876429218771214, 0.48027938625599703, -0.3365035305830312, -0.9956153538141037, -0.4515785924356622, 0.5789253255140729, 0.5882234039953237, -0.05064944535197737, -0.592386760754478, 0.6410803440586128, -0.9955860588207823], [0.000787086437955529, -8.908694807142095e-06, -0.0006681074216258374, 0.0002151332500077205, -0.0005916405206218054, 0.0009121619779000141, 0.0002014354532319387, -3.0046087688955496e-05, 0.00039327018433161, 4.262729131982468e-05, 0.0016545339586900472, 0.0007591541430962376, 0.00018828612339093865]],